{"name":"build-javascript","namedChunkGroups":{"app":{"name":"app","assets":[{"name":"webpack-runtime-dd84174eb4d2cd167d3a.js","size":3600},{"name":"framework-4b4edceff00f3e16976f.js","size":140711},{"name":"app-0a48c6b401dbf34296eb.js","size":114034}],"filteredAssets":0,"assetsSize":258345,"filteredAuxiliaryAssets":3,"auxiliaryAssetsSize":818391},"component---node-modules-lekoarts-gatsby-theme-cara-src-templates-cara-tsx":{"name":"component---node-modules-lekoarts-gatsby-theme-cara-src-templates-cara-tsx","assets":[{"name":"commons-63ff89b6e6ff5f425892.js","size":52089},{"name":"component---node-modules-lekoarts-gatsby-theme-cara-src-templates-cara-tsx-afa0de9ff59248ed6146.js","size":15761}],"filteredAssets":0,"assetsSize":67850,"filteredAuxiliaryAssets":2,"auxiliaryAssetsSize":288754},"component---src-pages-404-jsx":{"name":"component---src-pages-404-jsx","assets":[{"name":"commons-63ff89b6e6ff5f425892.js","size":52089},{"name":"component---src-pages-404-jsx-04747d8cea3eeda8cb30.js","size":2915}],"filteredAssets":0,"assetsSize":55004,"filteredAuxiliaryAssets":2,"auxiliaryAssetsSize":216233}},"assetsByChunkName":{"app":["webpack-runtime-dd84174eb4d2cd167d3a.js","framework-4b4edceff00f3e16976f.js","app-0a48c6b401dbf34296eb.js"],"component---node-modules-lekoarts-gatsby-theme-cara-src-templates-cara-tsx":["commons-63ff89b6e6ff5f425892.js","component---node-modules-lekoarts-gatsby-theme-cara-src-templates-cara-tsx-afa0de9ff59248ed6146.js"],"component---src-pages-404-jsx":["commons-63ff89b6e6ff5f425892.js","component---src-pages-404-jsx-04747d8cea3eeda8cb30.js"]},"childAssetsByChunkName":{}}